QuestionID,RespTxt,RespPct,QuestionTxt,QuestionNote,SubPopulation,ReleaseDate,SurveyOrg,SurveySponsor,SourceDoc,BegDate,EndDate,ExactDates,SampleDesc,SampleSize,IntMethod,StudyNote
31116394.00007,Support,44,How do you feel about Brett Kavanaugh's confirmation to the Supreme Court?,,Asked of quarter sample,,Edison Research,"National Election Pool (ABC News, CBS, CNN, NBC)",National Election Pool Poll: 2018 National Election Day Exit Poll,11/6/2018,11/6/2018,Y,Exiting voters and absentee/early voters,19221,"Telephone Interview, Cell Phone; Telephone Interview, Landline; On-site Questionnaire",
31116394.00007,Oppose,47,How do you feel about Brett Kavanaugh's confirmation to the Supreme Court?,,Asked of quarter sample,,Edison Research,"National Election Pool (ABC News, CBS, CNN, NBC)",National Election Pool Poll: 2018 National Election Day Exit Poll,11/6/2018,11/6/2018,Y,Exiting voters and absentee/early voters,19221,"Telephone Interview, Cell Phone; Telephone Interview, Landline; On-site Questionnaire",
31116394.00007,Don't know/Refused,9,How do you feel about Brett Kavanaugh's confirmation to the Supreme Court?,,Asked of quarter sample,,Edison Research,"National Election Pool (ABC News, CBS, CNN, NBC)",National Election Pool Poll: 2018 National Election Day Exit Poll,11/6/2018,11/6/2018,Y,Exiting voters and absentee/early voters,19221,"Telephone Interview, Cell Phone; Telephone Interview, Landline; On-site Questionnaire",
31116394.00002,More safe,38,"Is Donald Trump's approach to foreign policy making the United States more safe, less safe, or no difference?",,Asked of quarter sample,,Edison Research,"National Election Pool (ABC News, CBS, CNN, NBC)",National Election Pool Poll: 2018 National Election Day Exit Poll,11/6/2018,11/6/2018,Y,Exiting voters and absentee/early voters,19221,"Telephone Interview, Cell Phone; Telephone Interview, Landline; On-site Questionnaire",
31116394.00002,Less safe,46,"Is Donald Trump's approach to foreign policy making the United States more safe, less safe, or no difference?",,Asked of quarter sample,,Edison Research,"National Election Pool (ABC News, CBS, CNN, NBC)",National Election Pool Poll: 2018 National Election Day Exit Poll,11/6/2018,11/6/2018,Y,Exiting voters and absentee/early voters,19221,"Telephone Interview, Cell Phone; Telephone Interview, Landline; On-site Questionnaire",
31116394.00002,No difference,13,"Is Donald Trump's approach to foreign policy making the United States more safe, less safe, or no difference?",,Asked of quarter sample,,Edison Research,"National Election Pool (ABC News, CBS, CNN, NBC)",National Election Pool Poll: 2018 National Election Day Exit Poll,11/6/2018,11/6/2018,Y,Exiting voters and absentee/early voters,19221,"Telephone Interview, Cell Phone; Telephone Interview, Landline; On-site Questionnaire",
31116394.00002,Don't know/Refused,4,"Is Donald Trump's approach to foreign policy making the United States more safe, less safe, or no difference?",,Asked of quarter sample,,Edison Research,"National Election Pool (ABC News, CBS, CNN, NBC)",National Election Pool Poll: 2018 National Election Day Exit Poll,11/6/2018,11/6/2018,Y,Exiting voters and absentee/early voters,19221,"Telephone Interview, Cell Phone; Telephone Interview, Landline; On-site Questionnaire",
31116394.00003,Keep it as is,66,"What should the Supreme Court do about Roe vs. Wade, the 1973 decision that made abortion legal?...Keep it as is, overturn it",,Asked of quarter sample,,Edison Research,"National Election Pool (ABC News, CBS, CNN, NBC)",National Election Pool Poll: 2018 National Election Day Exit Poll,11/6/2018,11/6/2018,Y,Exiting voters and absentee/early voters,19221,"Telephone Interview, Cell Phone; Telephone Interview, Landline; On-site Questionnaire",
31116394.00003,Overturn it,24,"What should the Supreme Court do about Roe vs. Wade, the 1973 decision that made abortion legal?...Keep it as is, overturn it",,Asked of quarter sample,,Edison Research,"National Election Pool (ABC News, CBS, CNN, NBC)",National Election Pool Poll: 2018 National Election Day Exit Poll,11/6/2018,11/6/2018,Y,Exiting voters and absentee/early voters,19221,"Telephone Interview, Cell Phone; Telephone Interview, Landline; On-site Questionnaire",
31116394.00003,Don't know/Refused,9,"What should the Supreme Court do about Roe vs. Wade, the 1973 decision that made abortion legal?...Keep it as is, overturn it",,Asked of quarter sample,,Edison Research,"National Election Pool (ABC News, CBS, CNN, NBC)",National Election Pool Poll: 2018 National Election Day Exit Poll,11/6/2018,11/6/2018,Y,Exiting voters and absentee/early voters,19221,"Telephone Interview, Cell Phone; Telephone Interview, Landline; On-site Questionnaire",
31116394.00004,"Hillary Clinton, the Democrat",42,"In the 2016 election for president, did you vote for Hillary Clinton, the Democrat, Donald Trump, the Republican, someone else, or you did not vote in the 2016 election for president?",,Asked of quarter sample,,Edison Research,"National Election Pool (ABC News, CBS, CNN, NBC)",National Election Pool Poll: 2018 National Election Day Exit Poll,11/6/2018,11/6/2018,Y,Exiting voters and absentee/early voters,19221,"Telephone Interview, Cell Phone; Telephone Interview, Landline; On-site Questionnaire",
31116394.00004,"Donald Trump, the Republican",40,"In the 2016 election for president, did you vote for Hillary Clinton, the Democrat, Donald Trump, the Republican, someone else, or you did not vote in the 2016 election for president?",,Asked of quarter sample,,Edison Research,"National Election Pool (ABC News, CBS, CNN, NBC)",National Election Pool Poll: 2018 National Election Day Exit Poll,11/6/2018,11/6/2018,Y,Exiting voters and absentee/early voters,19221,"Telephone Interview, Cell Phone; Telephone Interview, Landline; On-site Questionnaire",
31116394.00004,Someone else,8,"In the 2016 election for president, did you vote for Hillary Clinton, the Democrat, Donald Trump, the Republican, someone else, or you did not vote in the 2016 election for president?",,Asked of quarter sample,,Edison Research,"National Election Pool (ABC News, CBS, CNN, NBC)",National Election Pool Poll: 2018 National Election Day Exit Poll,11/6/2018,11/6/2018,Y,Exiting voters and absentee/early voters,19221,"Telephone Interview, Cell Phone; Telephone Interview, Landline; On-site Questionnaire",
31116394.00004,You did not vote in the 2016 election for president,8,"In the 2016 election for president, did you vote for Hillary Clinton, the Democrat, Donald Trump, the Republican, someone else, or you did not vote in the 2016 election for president?",,Asked of quarter sample,,Edison Research,"National Election Pool (ABC News, CBS, CNN, NBC)",National Election Pool Poll: 2018 National Election Day Exit Poll,11/6/2018,11/6/2018,Y,Exiting voters and absentee/early voters,19221,"Telephone Interview, Cell Phone; Telephone Interview, Landline; On-site Questionnaire",
31116394.00004,Don't know/Refused,2,"In the 2016 election for president, did you vote for Hillary Clinton, the Democrat, Donald Trump, the Republican, someone else, or you did not vote in the 2016 election for president?",,Asked of quarter sample,,Edison Research,"National Election Pool (ABC News, CBS, CNN, NBC)",National Election Pool Poll: 2018 National Election Day Exit Poll,11/6/2018,11/6/2018,Y,Exiting voters and absentee/early voters,19221,"Telephone Interview, Cell Phone; Telephone Interview, Landline; On-site Questionnaire",
31116394.00005,That people who should not be able to vote will cast ballots,36,"Which concerns you more about this (2018) election?...That people who should not be able to vote will cast ballots, that people who should be able to vote will be prevented from voting",,Asked of quarter sample,,Edison Research,"National Election Pool (ABC News, CBS, CNN, NBC)",National Election Pool Poll: 2018 National Election Day Exit Poll,11/6/2018,11/6/2018,Y,Exiting voters and absentee/early voters,19221,"Telephone Interview, Cell Phone; Telephone Interview, Landline; On-site Questionnaire",
31116394.00005,That people who should be able to vote will be prevented from voting,53,"Which concerns you more about this (2018) election?...That people who should not be able to vote will cast ballots, that people who should be able to vote will be prevented from voting",,Asked of quarter sample,,Edison Research,"National Election Pool (ABC News, CBS, CNN, NBC)",National Election Pool Poll: 2018 National Election Day Exit Poll,11/6/2018,11/6/2018,Y,Exiting voters and absentee/early voters,19221,"Telephone Interview, Cell Phone; Telephone Interview, Landline; On-site Questionnaire",
31116394.00005,Don't know/Refused,11,"Which concerns you more about this (2018) election?...That people who should not be able to vote will cast ballots, that people who should be able to vote will be prevented from voting",,Asked of quarter sample,,Edison Research,"National Election Pool (ABC News, CBS, CNN, NBC)",National Election Pool Poll: 2018 National Election Day Exit Poll,11/6/2018,11/6/2018,Y,Exiting voters and absentee/early voters,19221,"Telephone Interview, Cell Phone; Telephone Interview, Landline; On-site Questionnaire",
31116394.00006,The Democratic Party,51,"Would you rather see the United States House of Representatives controlled by the Democratic Party, or the Republican Party?",,Asked of quarter sample,,Edison Research,"National Election Pool (ABC News, CBS, CNN, NBC)",National Election Pool Poll: 2018 National Election Day Exit Poll,11/6/2018,11/6/2018,Y,Exiting voters and absentee/early voters,19221,"Telephone Interview, Cell Phone; Telephone Interview, Landline; On-site Questionnaire",
31116394.00006,The Republican Party,44,"Would you rather see the United States House of Representatives controlled by the Democratic Party, or the Republican Party?",,Asked of quarter sample,,Edison Research,"National Election Pool (ABC News, CBS, CNN, NBC)",National Election Pool Poll: 2018 National Election Day Exit Poll,11/6/2018,11/6/2018,Y,Exiting voters and absentee/early voters,19221,"Telephone Interview, Cell Phone; Telephone Interview, Landline; On-site Questionnaire",
31116394.00006,Don't know/Refused,5,"Would you rather see the United States House of Representatives controlled by the Democratic Party, or the Republican Party?",,Asked of quarter sample,,Edison Research,"National Election Pool (ABC News, CBS, CNN, NBC)",National Election Pool Poll: 2018 National Election Day Exit Poll,11/6/2018,11/6/2018,Y,Exiting voters and absentee/early voters,19221,"Telephone Interview, Cell Phone; Telephone Interview, Landline; On-site Questionnaire",
31116394.00014,Yes,39,Should Congress impeach Donald Trump and remove him from office?,,Asked of quarter sample,,Edison Research,"National Election Pool (ABC News, CBS, CNN, NBC)",National Election Pool Poll: 2018 National Election Day Exit Poll,11/6/2018,11/6/2018,Y,Exiting voters and absentee/early voters,19221,"Telephone Interview, Cell Phone; Telephone Interview, Landline; On-site Questionnaire",
31116394.00014,No,56,Should Congress impeach Donald Trump and remove him from office?,,Asked of quarter sample,,Edison Research,"National Election Pool (ABC News, CBS, CNN, NBC)",National Election Pool Poll: 2018 National Election Day Exit Poll,11/6/2018,11/6/2018,Y,Exiting voters and absentee/early voters,19221,"Telephone Interview, Cell Phone; Telephone Interview, Landline; On-site Questionnaire",
31116394.00014,Don't know/Refused,5,Should Congress impeach Donald Trump and remove him from office?,,Asked of quarter sample,,Edison Research,"National Election Pool (ABC News, CBS, CNN, NBC)",National Election Pool Poll: 2018 National Election Day Exit Poll,11/6/2018,11/6/2018,Y,Exiting voters and absentee/early voters,19221,"Telephone Interview, Cell Phone; Telephone Interview, Landline; On-site Questionnaire",
31116394.00013,Too tough,46,"Are Donald Trump's immigration policies too tough, not tough enough, or about right?",,Asked of quarter sample,,Edison Research,"National Election Pool (ABC News, CBS, CNN, NBC)",National Election Pool Poll: 2018 National Election Day Exit Poll,11/6/2018,11/6/2018,Y,Exiting voters and absentee/early voters,19221,"Telephone Interview, Cell Phone; Telephone Interview, Landline; On-site Questionnaire",
31116394.00013,Not tough enough,17,"Are Donald Trump's immigration policies too tough, not tough enough, or about right?",,Asked of quarter sample,,Edison Research,"National Election Pool (ABC News, CBS, CNN, NBC)",National Election Pool Poll: 2018 National Election Day Exit Poll,11/6/2018,11/6/2018,Y,Exiting voters and absentee/early voters,19221,"Telephone Interview, Cell Phone; Telephone Interview, Landline; On-site Questionnaire",
31116394.00013,About right,33,"Are Donald Trump's immigration policies too tough, not tough enough, or about right?",,Asked of quarter sample,,Edison Research,"National Election Pool (ABC News, CBS, CNN, NBC)",National Election Pool Poll: 2018 National Election Day Exit Poll,11/6/2018,11/6/2018,Y,Exiting voters and absentee/early voters,19221,"Telephone Interview, Cell Phone; Telephone Interview, Landline; On-site Questionnaire",
31116394.00013,Don't know/Refused,4,"Are Donald Trump's immigration policies too tough, not tough enough, or about right?",,Asked of quarter sample,,Edison Research,"National Election Pool (ABC News, CBS, CNN, NBC)",National Election Pool Poll: 2018 National Election Day Exit Poll,11/6/2018,11/6/2018,Y,Exiting voters and absentee/early voters,19221,"Telephone Interview, Cell Phone; Telephone Interview, Landline; On-site Questionnaire",
31116394.00015,Very important,43,"How important is it that more racial and ethnic minorities be elected to public office?...Very important, somewhat important, not too important, not at all important",,Asked of quarter sample,,Edison Research,"National Election Pool (ABC News, CBS, CNN, NBC)",National Election Pool Poll: 2018 National Election Day Exit Poll,11/6/2018,11/6/2018,Y,Exiting voters and absentee/early voters,19221,"Telephone Interview, Cell Phone; Telephone Interview, Landline; On-site Questionnaire",
31116394.00015,Somewhat important,29,"How important is it that more racial and ethnic minorities be elected to public office?...Very important, somewhat important, not too important, not at all important",,Asked of quarter sample,,Edison Research,"National Election Pool (ABC News, CBS, CNN, NBC)",National Election Pool Poll: 2018 National Election Day Exit Poll,11/6/2018,11/6/2018,Y,Exiting voters and absentee/early voters,19221,"Telephone Interview, Cell Phone; Telephone Interview, Landline; On-site Questionnaire",
31116394.00015,Not too important,10,"How important is it that more racial and ethnic minorities be elected to public office?...Very important, somewhat important, not too important, not at all important",,Asked of quarter sample,,Edison Research,"National Election Pool (ABC News, CBS, CNN, NBC)",National Election Pool Poll: 2018 National Election Day Exit Poll,11/6/2018,11/6/2018,Y,Exiting voters and absentee/early voters,19221,"Telephone Interview, Cell Phone; Telephone Interview, Landline; On-site Questionnaire",
31116394.00015,Not at all important,13,"How important is it that more racial and ethnic minorities be elected to public office?...Very important, somewhat important, not too important, not at all important",,Asked of quarter sample,,Edison Research,"National Election Pool (ABC News, CBS, CNN, NBC)",National Election Pool Poll: 2018 National Election Day Exit Poll,11/6/2018,11/6/2018,Y,Exiting voters and absentee/early voters,19221,"Telephone Interview, Cell Phone; Telephone Interview, Landline; On-site Questionnaire",
31116394.00015,Don't know/Refused,5,"How important is it that more racial and ethnic minorities be elected to public office?...Very important, somewhat important, not too important, not at all important",,Asked of quarter sample,,Edison Research,"National Election Pool (ABC News, CBS, CNN, NBC)",National Election Pool Poll: 2018 National Election Day Exit Poll,11/6/2018,11/6/2018,Y,Exiting voters and absentee/early voters,19221,"Telephone Interview, Cell Phone; Telephone Interview, Landline; On-site Questionnaire",
31116394.00016,Justified,41,"Do you think the investigation into Russian interference in the 2016 election is mostly justified, or politically motivated?",,Asked of quarter sample,,Edison Research,"National Election Pool (ABC News, CBS, CNN, NBC)",National Election Pool Poll: 2018 National Election Day Exit Poll,11/6/2018,11/6/2018,Y,Exiting voters and absentee/early voters,19221,"Telephone Interview, Cell Phone; Telephone Interview, Landline; On-site Questionnaire",
31116394.00016,Politically motivated,54,"Do you think the investigation into Russian interference in the 2016 election is mostly justified, or politically motivated?",,Asked of quarter sample,,Edison Research,"National Election Pool (ABC News, CBS, CNN, NBC)",National Election Pool Poll: 2018 National Election Day Exit Poll,11/6/2018,11/6/2018,Y,Exiting voters and absentee/early voters,19221,"Telephone Interview, Cell Phone; Telephone Interview, Landline; On-site Questionnaire",
31116394.00016,Don't know/Refused,6,"Do you think the investigation into Russian interference in the 2016 election is mostly justified, or politically motivated?",,Asked of quarter sample,,Edison Research,"National Election Pool (ABC News, CBS, CNN, NBC)",National Election Pool Poll: 2018 National Election Day Exit Poll,11/6/2018,11/6/2018,Y,Exiting voters and absentee/early voters,19221,"Telephone Interview, Cell Phone; Telephone Interview, Landline; On-site Questionnaire",
31116394.00017,Whites are favored over minorities,41,"In general, how do you think things work in the United States today?...Whites are favored over minorities, minorities are favored over whites, no group is favored",,Asked of quarter sample,,Edison Research,"National Election Pool (ABC News, CBS, CNN, NBC)",National Election Pool Poll: 2018 National Election Day Exit Poll,11/6/2018,11/6/2018,Y,Exiting voters and absentee/early voters,19221,"Telephone Interview, Cell Phone; Telephone Interview, Landline; On-site Questionnaire",
31116394.00017,Minorities are favored over whites,19,"In general, how do you think things work in the United States today?...Whites are favored over minorities, minorities are favored over whites, no group is favored",,Asked of quarter sample,,Edison Research,"National Election Pool (ABC News, CBS, CNN, NBC)",National Election Pool Poll: 2018 National Election Day Exit Poll,11/6/2018,11/6/2018,Y,Exiting voters and absentee/early voters,19221,"Telephone Interview, Cell Phone; Telephone Interview, Landline; On-site Questionnaire",
31116394.00017,No group is favored,33,"In general, how do you think things work in the United States today?...Whites are favored over minorities, minorities are favored over whites, no group is favored",,Asked of quarter sample,,Edison Research,"National Election Pool (ABC News, CBS, CNN, NBC)",National Election Pool Poll: 2018 National Election Day Exit Poll,11/6/2018,11/6/2018,Y,Exiting voters and absentee/early voters,19221,"Telephone Interview, Cell Phone; Telephone Interview, Landline; On-site Questionnaire",
31116394.00017,Don't know/Refused,7,"In general, how do you think things work in the United States today?...Whites are favored over minorities, minorities are favored over whites, no group is favored",,Asked of quarter sample,,Edison Research,"National Election Pool (ABC News, CBS, CNN, NBC)",National Election Pool Poll: 2018 National Election Day Exit Poll,11/6/2018,11/6/2018,Y,Exiting voters and absentee/early voters,19221,"Telephone Interview, Cell Phone; Telephone Interview, Landline; On-site Questionnaire",
31116394.00025,Better,37,"Compared to two years ago, is your family's financial situation better, worse, or about the same?",,Asked of quarter sample,,Edison Research,"National Election Pool (ABC News, CBS, CNN, NBC)",National Election Pool Poll: 2018 National Election Day Exit Poll,11/6/2018,11/6/2018,Y,Exiting voters and absentee/early voters,19221,"Telephone Interview, Cell Phone; Telephone Interview, Landline; On-site Questionnaire",
31116394.00025,Worse,14,"Compared to two years ago, is your family's financial situation better, worse, or about the same?",,Asked of quarter sample,,Edison Research,"National Election Pool (ABC News, CBS, CNN, NBC)",National Election Pool Poll: 2018 National Election Day Exit Poll,11/6/2018,11/6/2018,Y,Exiting voters and absentee/early voters,19221,"Telephone Interview, Cell Phone; Telephone Interview, Landline; On-site Questionnaire",
31116394.00025,About the same,48,"Compared to two years ago, is your family's financial situation better, worse, or about the same?",,Asked of quarter sample,,Edison Research,"National Election Pool (ABC News, CBS, CNN, NBC)",National Election Pool Poll: 2018 National Election Day Exit Poll,11/6/2018,11/6/2018,Y,Exiting voters and absentee/early voters,19221,"Telephone Interview, Cell Phone; Telephone Interview, Landline; On-site Questionnaire",
31116394.00025,Don't know/Refused,1,"Compared to two years ago, is your family's financial situation better, worse, or about the same?",,Asked of quarter sample,,Edison Research,"National Election Pool (ABC News, CBS, CNN, NBC)",National Election Pool Poll: 2018 National Election Day Exit Poll,11/6/2018,11/6/2018,Y,Exiting voters and absentee/early voters,19221,"Telephone Interview, Cell Phone; Telephone Interview, Landline; On-site Questionnaire",
31116394.00026,Helped,26,"How have Donald Trump's trade policies affected the economy in your area?...Helped, hurt, no impact",,Asked of quarter sample,,Edison Research,"National Election Pool (ABC News, CBS, CNN, NBC)",National Election Pool Poll: 2018 National Election Day Exit Poll,11/6/2018,11/6/2018,Y,Exiting voters and absentee/early voters,19221,"Telephone Interview, Cell Phone; Telephone Interview, Landline; On-site Questionnaire",
31116394.00026,Hurt,29,"How have Donald Trump's trade policies affected the economy in your area?...Helped, hurt, no impact",,Asked of quarter sample,,Edison Research,"National Election Pool (ABC News, CBS, CNN, NBC)",National Election Pool Poll: 2018 National Election Day Exit Poll,11/6/2018,11/6/2018,Y,Exiting voters and absentee/early voters,19221,"Telephone Interview, Cell Phone; Telephone Interview, Landline; On-site Questionnaire",
31116394.00026,No impact,38,"How have Donald Trump's trade policies affected the economy in your area?...Helped, hurt, no impact",,Asked of quarter sample,,Edison Research,"National Election Pool (ABC News, CBS, CNN, NBC)",National Election Pool Poll: 2018 National Election Day Exit Poll,11/6/2018,11/6/2018,Y,Exiting voters and absentee/early voters,19221,"Telephone Interview, Cell Phone; Telephone Interview, Landline; On-site Questionnaire",
31116394.00026,Don't know/Refused,8,"How have Donald Trump's trade policies affected the economy in your area?...Helped, hurt, no impact",,Asked of quarter sample,,Edison Research,"National Election Pool (ABC News, CBS, CNN, NBC)",National Election Pool Poll: 2018 National Election Day Exit Poll,11/6/2018,11/6/2018,Y,Exiting voters and absentee/early voters,19221,"Telephone Interview, Cell Phone; Telephone Interview, Landline; On-site Questionnaire",
31116394.00027,Helped,29,"How have the tax laws passed last year (2017) affected your personal finances?...Helped, hurt, no impact",,Asked of quarter sample,,Edison Research,"National Election Pool (ABC News, CBS, CNN, NBC)",National Election Pool Poll: 2018 National Election Day Exit Poll,11/6/2018,11/6/2018,Y,Exiting voters and absentee/early voters,19221,"Telephone Interview, Cell Phone; Telephone Interview, Landline; On-site Questionnaire",
31116394.00027,Hurt,23,"How have the tax laws passed last year (2017) affected your personal finances?...Helped, hurt, no impact",,Asked of quarter sample,,Edison Research,"National Election Pool (ABC News, CBS, CNN, NBC)",National Election Pool Poll: 2018 National Election Day Exit Poll,11/6/2018,11/6/2018,Y,Exiting voters and absentee/early voters,19221,"Telephone Interview, Cell Phone; Telephone Interview, Landline; On-site Questionnaire",
31116394.00027,No impact,44,"How have the tax laws passed last year (2017) affected your personal finances?...Helped, hurt, no impact",,Asked of quarter sample,,Edison Research,"National Election Pool (ABC News, CBS, CNN, NBC)",National Election Pool Poll: 2018 National Election Day Exit Poll,11/6/2018,11/6/2018,Y,Exiting voters and absentee/early voters,19221,"Telephone Interview, Cell Phone; Telephone Interview, Landline; On-site Questionnaire",
31116394.00027,Don't know/Refused,5,"How have the tax laws passed last year (2017) affected your personal finances?...Helped, hurt, no impact",,Asked of quarter sample,,Edison Research,"National Election Pool (ABC News, CBS, CNN, NBC)",National Election Pool Poll: 2018 National Election Day Exit Poll,11/6/2018,11/6/2018,Y,Exiting voters and absentee/early voters,19221,"Telephone Interview, Cell Phone; Telephone Interview, Landline; On-site Questionnaire",
31116394.00039,Support,44,"How do you feel about Brett Kavanaugh's confirmation to the Supreme Court?...Support, oppose",,Asked of quarter sample,,Edison Research,"National Election Pool (ABC News, CBS, CNN, NBC)",National Election Pool Poll: 2018 National Election Day Exit Poll,11/6/2018,11/6/2018,Y,Exiting voters and absentee/early voters,19221,"Telephone Interview, Cell Phone; Telephone Interview, Landline; On-site Questionnaire",
31116394.00039,Oppose,47,"How do you feel about Brett Kavanaugh's confirmation to the Supreme Court?...Support, oppose",,Asked of quarter sample,,Edison Research,"National Election Pool (ABC News, CBS, CNN, NBC)",National Election Pool Poll: 2018 National Election Day Exit Poll,11/6/2018,11/6/2018,Y,Exiting voters and absentee/early voters,19221,"Telephone Interview, Cell Phone; Telephone Interview, Landline; On-site Questionnaire",
31116394.00039,Don't know/Refused,9,"How do you feel about Brett Kavanaugh's confirmation to the Supreme Court?...Support, oppose",,Asked of quarter sample,,Edison Research,"National Election Pool (ABC News, CBS, CNN, NBC)",National Election Pool Poll: 2018 National Election Day Exit Poll,11/6/2018,11/6/2018,Y,Exiting voters and absentee/early voters,19221,"Telephone Interview, Cell Phone; Telephone Interview, Landline; On-site Questionnaire",
31116394.00008,Yes,38,Do you think the government has done enough to protect this (2018) election from foreign interference?,,Asked of quarter sample,,Edison Research,"National Election Pool (ABC News, CBS, CNN, NBC)",National Election Pool Poll: 2018 National Election Day Exit Poll,11/6/2018,11/6/2018,Y,Exiting voters and absentee/early voters,19221,"Telephone Interview, Cell Phone; Telephone Interview, Landline; On-site Questionnaire",
31116394.00008,No,50,Do you think the government has done enough to protect this (2018) election from foreign interference?,,Asked of quarter sample,,Edison Research,"National Election Pool (ABC News, CBS, CNN, NBC)",National Election Pool Poll: 2018 National Election Day Exit Poll,11/6/2018,11/6/2018,Y,Exiting voters and absentee/early voters,19221,"Telephone Interview, Cell Phone; Telephone Interview, Landline; On-site Questionnaire",
31116394.00008,Don't know/Refused,12,Do you think the government has done enough to protect this (2018) election from foreign interference?,,Asked of quarter sample,,Edison Research,"National Election Pool (ABC News, CBS, CNN, NBC)",National Election Pool Poll: 2018 National Election Day Exit Poll,11/6/2018,11/6/2018,Y,Exiting voters and absentee/early voters,19221,"Telephone Interview, Cell Phone; Telephone Interview, Landline; On-site Questionnaire",
31116394.00009,Before October,66,"When did you finally decide for whom to vote in the United States House election?...Before October, in October, October 31st or later",,Asked of quarter sample of cell phone respondents,,Edison Research,"National Election Pool (ABC News, CBS, CNN, NBC)",National Election Pool Poll: 2018 National Election Day Exit Poll,11/6/2018,11/6/2018,Y,Exiting voters and absentee/early voters,19221,"Telephone Interview, Cell Phone; Telephone Interview, Landline; On-site Questionnaire",
31116394.00009,In October,23,"When did you finally decide for whom to vote in the United States House election?...Before October, in October, October 31st or later",,Asked of quarter sample of cell phone respondents,,Edison Research,"National Election Pool (ABC News, CBS, CNN, NBC)",National Election Pool Poll: 2018 National Election Day Exit Poll,11/6/2018,11/6/2018,Y,Exiting voters and absentee/early voters,19221,"Telephone Interview, Cell Phone; Telephone Interview, Landline; On-site Questionnaire",
31116394.00009,October 31st or later,9,"When did you finally decide for whom to vote in the United States House election?...Before October, in October, October 31st or later",,Asked of quarter sample of cell phone respondents,,Edison Research,"National Election Pool (ABC News, CBS, CNN, NBC)",National Election Pool Poll: 2018 National Election Day Exit Poll,11/6/2018,11/6/2018,Y,Exiting voters and absentee/early voters,19221,"Telephone Interview, Cell Phone; Telephone Interview, Landline; On-site Questionnaire",
31116394.00009,Don't know/Refused,3,"When did you finally decide for whom to vote in the United States House election?...Before October, in October, October 31st or later",,Asked of quarter sample of cell phone respondents,,Edison Research,"National Election Pool (ABC News, CBS, CNN, NBC)",National Election Pool Poll: 2018 National Election Day Exit Poll,11/6/2018,11/6/2018,Y,Exiting voters and absentee/early voters,19221,"Telephone Interview, Cell Phone; Telephone Interview, Landline; On-site Questionnaire",
31116394.00018,Major changes,69,"Does the health care system in the United States need major changes, minor changes, or no changes at all?",,Asked of quarter sample,,Edison Research,"National Election Pool (ABC News, CBS, CNN, NBC)",National Election Pool Poll: 2018 National Election Day Exit Poll,11/6/2018,11/6/2018,Y,Exiting voters and absentee/early voters,19221,"Telephone Interview, Cell Phone; Telephone Interview, Landline; On-site Questionnaire",
31116394.00018,Minor changes,24,"Does the health care system in the United States need major changes, minor changes, or no changes at all?",,Asked of quarter sample,,Edison Research,"National Election Pool (ABC News, CBS, CNN, NBC)",National Election Pool Poll: 2018 National Election Day Exit Poll,11/6/2018,11/6/2018,Y,Exiting voters and absentee/early voters,19221,"Telephone Interview, Cell Phone; Telephone Interview, Landline; On-site Questionnaire",
31116394.00018,No changes at all,4,"Does the health care system in the United States need major changes, minor changes, or no changes at all?",,Asked of quarter sample,,Edison Research,"National Election Pool (ABC News, CBS, CNN, NBC)",National Election Pool Poll: 2018 National Election Day Exit Poll,11/6/2018,11/6/2018,Y,Exiting voters and absentee/early voters,19221,"Telephone Interview, Cell Phone; Telephone Interview, Landline; On-site Questionnaire",
31116394.00018,Don't know/Refused,2,"Does the health care system in the United States need major changes, minor changes, or no changes at all?",,Asked of quarter sample,,Edison Research,"National Election Pool (ABC News, CBS, CNN, NBC)",National Election Pool Poll: 2018 National Election Day Exit Poll,11/6/2018,11/6/2018,Y,Exiting voters and absentee/early voters,19221,"Telephone Interview, Cell Phone; Telephone Interview, Landline; On-site Questionnaire",
31116394.00019,Very important,45,"How important is it that more women be elected to public office?...Very important, somewhat important, not too important, not at all important",,Asked of quarter sample,,Edison Research,"National Election Pool (ABC News, CBS, CNN, NBC)",National Election Pool Poll: 2018 National Election Day Exit Poll,11/6/2018,11/6/2018,Y,Exiting voters and absentee/early voters,19221,"Telephone Interview, Cell Phone; Telephone Interview, Landline; On-site Questionnaire",
31116394.00019,Somewhat important,33,"How important is it that more women be elected to public office?...Very important, somewhat important, not too important, not at all important",,Asked of quarter sample,,Edison Research,"National Election Pool (ABC News, CBS, CNN, NBC)",National Election Pool Poll: 2018 National Election Day Exit Poll,11/6/2018,11/6/2018,Y,Exiting voters and absentee/early voters,19221,"Telephone Interview, Cell Phone; Telephone Interview, Landline; On-site Questionnaire",
31116394.00019,Not too important,12,"How important is it that more women be elected to public office?...Very important, somewhat important, not too important, not at all important",,Asked of quarter sample,,Edison Research,"National Election Pool (ABC News, CBS, CNN, NBC)",National Election Pool Poll: 2018 National Election Day Exit Poll,11/6/2018,11/6/2018,Y,Exiting voters and absentee/early voters,19221,"Telephone Interview, Cell Phone; Telephone Interview, Landline; On-site Questionnaire",
31116394.00019,Not at all important,8,"How important is it that more women be elected to public office?...Very important, somewhat important, not too important, not at all important",,Asked of quarter sample,,Edison Research,"National Election Pool (ABC News, CBS, CNN, NBC)",National Election Pool Poll: 2018 National Election Day Exit Poll,11/6/2018,11/6/2018,Y,Exiting voters and absentee/early voters,19221,"Telephone Interview, Cell Phone; Telephone Interview, Landline; On-site Questionnaire",
31116394.00019,Don't know/Refused,3,"How important is it that more women be elected to public office?...Very important, somewhat important, not too important, not at all important",,Asked of quarter sample,,Edison Research,"National Election Pool (ABC News, CBS, CNN, NBC)",National Election Pool Poll: 2018 National Election Day Exit Poll,11/6/2018,11/6/2018,Y,Exiting voters and absentee/early voters,19221,"Telephone Interview, Cell Phone; Telephone Interview, Landline; On-site Questionnaire",
31116394.00031,Becoming more united,9,"Politically, do you think Americans are becoming more united, becoming more divided, or staying about the same?",,Asked of quarter sample,,Edison Research,"National Election Pool (ABC News, CBS, CNN, NBC)",National Election Pool Poll: 2018 National Election Day Exit Poll,11/6/2018,11/6/2018,Y,Exiting voters and absentee/early voters,19221,"Telephone Interview, Cell Phone; Telephone Interview, Landline; On-site Questionnaire",
31116394.00031,Becoming more divided,76,"Politically, do you think Americans are becoming more united, becoming more divided, or staying about the same?",,Asked of quarter sample,,Edison Research,"National Election Pool (ABC News, CBS, CNN, NBC)",National Election Pool Poll: 2018 National Election Day Exit Poll,11/6/2018,11/6/2018,Y,Exiting voters and absentee/early voters,19221,"Telephone Interview, Cell Phone; Telephone Interview, Landline; On-site Questionnaire",
31116394.00031,Staying about the same,13,"Politically, do you think Americans are becoming more united, becoming more divided, or staying about the same?",,Asked of quarter sample,,Edison Research,"National Election Pool (ABC News, CBS, CNN, NBC)",National Election Pool Poll: 2018 National Election Day Exit Poll,11/6/2018,11/6/2018,Y,Exiting voters and absentee/early voters,19221,"Telephone Interview, Cell Phone; Telephone Interview, Landline; On-site Questionnaire",
31116394.00031,Don't know/Refused,2,"Politically, do you think Americans are becoming more united, becoming more divided, or staying about the same?",,Asked of quarter sample,,Edison Research,"National Election Pool (ABC News, CBS, CNN, NBC)",National Election Pool Poll: 2018 National Election Day Exit Poll,11/6/2018,11/6/2018,Y,Exiting voters and absentee/early voters,19221,"Telephone Interview, Cell Phone; Telephone Interview, Landline; On-site Questionnaire",
31116394.00032,Yes,40,Would you describe yourself as a born-again or evangelical Christian?,,Asked of quarter sample,,Edison Research,"National Election Pool (ABC News, CBS, CNN, NBC)",National Election Pool Poll: 2018 National Election Day Exit Poll,11/6/2018,11/6/2018,Y,Exiting voters and absentee/early voters,19221,"Telephone Interview, Cell Phone; Telephone Interview, Landline; On-site Questionnaire",
31116394.00032,No,60,Would you describe yourself as a born-again or evangelical Christian?,,Asked of quarter sample,,Edison Research,"National Election Pool (ABC News, CBS, CNN, NBC)",National Election Pool Poll: 2018 National Election Day Exit Poll,11/6/2018,11/6/2018,Y,Exiting voters and absentee/early voters,19221,"Telephone Interview, Cell Phone; Telephone Interview, Landline; On-site Questionnaire",
31116394.00028,Favorable,48,"Is your opinion of the Democratic Party favorable, or unfavorable?",,Asked of quarter sample,,Edison Research,"National Election Pool (ABC News, CBS, CNN, NBC)",National Election Pool Poll: 2018 National Election Day Exit Poll,11/6/2018,11/6/2018,Y,Exiting voters and absentee/early voters,19221,"Telephone Interview, Cell Phone; Telephone Interview, Landline; On-site Questionnaire",
31116394.00028,Unfavorable,47,"Is your opinion of the Democratic Party favorable, or unfavorable?",,Asked of quarter sample,,Edison Research,"National Election Pool (ABC News, CBS, CNN, NBC)",National Election Pool Poll: 2018 National Election Day Exit Poll,11/6/2018,11/6/2018,Y,Exiting voters and absentee/early voters,19221,"Telephone Interview, Cell Phone; Telephone Interview, Landline; On-site Questionnaire",
31116394.00028,Don't know/Refused,5,"Is your opinion of the Democratic Party favorable, or unfavorable?",,Asked of quarter sample,,Edison Research,"National Election Pool (ABC News, CBS, CNN, NBC)",National Election Pool Poll: 2018 National Election Day Exit Poll,11/6/2018,11/6/2018,Y,Exiting voters and absentee/early voters,19221,"Telephone Interview, Cell Phone; Telephone Interview, Landline; On-site Questionnaire",
31116394.00029,Favorable,43,"Is your opinion of the Republican Party favorable, or unfavorable?",,Asked of quarter sample,,Edison Research,"National Election Pool (ABC News, CBS, CNN, NBC)",National Election Pool Poll: 2018 National Election Day Exit Poll,11/6/2018,11/6/2018,Y,Exiting voters and absentee/early voters,19221,"Telephone Interview, Cell Phone; Telephone Interview, Landline; On-site Questionnaire",
31116394.00029,Unfavorable,53,"Is your opinion of the Republican Party favorable, or unfavorable?",,Asked of quarter sample,,Edison Research,"National Election Pool (ABC News, CBS, CNN, NBC)",National Election Pool Poll: 2018 National Election Day Exit Poll,11/6/2018,11/6/2018,Y,Exiting voters and absentee/early voters,19221,"Telephone Interview, Cell Phone; Telephone Interview, Landline; On-site Questionnaire",
31116394.00029,Don't know/Refused,4,"Is your opinion of the Republican Party favorable, or unfavorable?",,Asked of quarter sample,,Edison Research,"National Election Pool (ABC News, CBS, CNN, NBC)",National Election Pool Poll: 2018 National Election Day Exit Poll,11/6/2018,11/6/2018,Y,Exiting voters and absentee/early voters,19221,"Telephone Interview, Cell Phone; Telephone Interview, Landline; On-site Questionnaire",
31116394.00030,Generally going in the right direction,42,"Do you think things in this country today are generally going in the right direction, or seriously off on the wrong track?",,Asked of quarter sample,,Edison Research,"National Election Pool (ABC News, CBS, CNN, NBC)",National Election Pool Poll: 2018 National Election Day Exit Poll,11/6/2018,11/6/2018,Y,Exiting voters and absentee/early voters,19221,"Telephone Interview, Cell Phone; Telephone Interview, Landline; On-site Questionnaire",
31116394.00030,Seriously off on the wrong track,54,"Do you think things in this country today are generally going in the right direction, or seriously off on the wrong track?",,Asked of quarter sample,,Edison Research,"National Election Pool (ABC News, CBS, CNN, NBC)",National Election Pool Poll: 2018 National Election Day Exit Poll,11/6/2018,11/6/2018,Y,Exiting voters and absentee/early voters,19221,"Telephone Interview, Cell Phone; Telephone Interview, Landline; On-site Questionnaire",
31116394.00030,Don't know/Refused,4,"Do you think things in this country today are generally going in the right direction, or seriously off on the wrong track?",,Asked of quarter sample,,Edison Research,"National Election Pool (ABC News, CBS, CNN, NBC)",National Election Pool Poll: 2018 National Election Day Exit Poll,11/6/2018,11/6/2018,Y,Exiting voters and absentee/early voters,19221,"Telephone Interview, Cell Phone; Telephone Interview, Landline; On-site Questionnaire",
31116394.00033,Once a week or more,33,"How often do you attend religious services?...Once a week or more, a few times a month, a few times a year",,Asked of quarter sample,,Edison Research,"National Election Pool (ABC News, CBS, CNN, NBC)",National Election Pool Poll: 2018 National Election Day Exit Poll,11/6/2018,11/6/2018,Y,Exiting voters and absentee/early voters,19221,"Telephone Interview, Cell Phone; Telephone Interview, Landline; On-site Questionnaire",
31116394.00033,A few times a month,14,"How often do you attend religious services?...Once a week or more, a few times a month, a few times a year",,Asked of quarter sample,,Edison Research,"National Election Pool (ABC News, CBS, CNN, NBC)",National Election Pool Poll: 2018 National Election Day Exit Poll,11/6/2018,11/6/2018,Y,Exiting voters and absentee/early voters,19221,"Telephone Interview, Cell Phone; Telephone Interview, Landline; On-site Questionnaire",
31116394.00033,A few times a year,27,"How often do you attend religious services?...Once a week or more, a few times a month, a few times a year",,Asked of quarter sample,,Edison Research,"National Election Pool (ABC News, CBS, CNN, NBC)",National Election Pool Poll: 2018 National Election Day Exit Poll,11/6/2018,11/6/2018,Y,Exiting voters and absentee/early voters,19221,"Telephone Interview, Cell Phone; Telephone Interview, Landline; On-site Questionnaire",
31116394.00033,Never,27,"How often do you attend religious services?...Once a week or more, a few times a month, a few times a year",,Asked of quarter sample,,Edison Research,"National Election Pool (ABC News, CBS, CNN, NBC)",National Election Pool Poll: 2018 National Election Day Exit Poll,11/6/2018,11/6/2018,Y,Exiting voters and absentee/early voters,19221,"Telephone Interview, Cell Phone; Telephone Interview, Landline; On-site Questionnaire",
31116394.00036,Liberal,25,"On most political matters, do you consider yourself liberal, moderate, or conservative?",,,,Edison Research,"National Election Pool (ABC News, CBS, CNN, NBC)",National Election Pool Poll: 2018 National Election Day Exit Poll,11/6/2018,11/6/2018,Y,Exiting voters and absentee/early voters,19221,"Telephone Interview, Cell Phone; Telephone Interview, Landline; On-site Questionnaire",
31116394.00036,Moderate,35,"On most political matters, do you consider yourself liberal, moderate, or conservative?",,,,Edison Research,"National Election Pool (ABC News, CBS, CNN, NBC)",National Election Pool Poll: 2018 National Election Day Exit Poll,11/6/2018,11/6/2018,Y,Exiting voters and absentee/early voters,19221,"Telephone Interview, Cell Phone; Telephone Interview, Landline; On-site Questionnaire",
31116394.00036,Conservative,34,"On most political matters, do you consider yourself liberal, moderate, or conservative?",,,,Edison Research,"National Election Pool (ABC News, CBS, CNN, NBC)",National Election Pool Poll: 2018 National Election Day Exit Poll,11/6/2018,11/6/2018,Y,Exiting voters and absentee/early voters,19221,"Telephone Interview, Cell Phone; Telephone Interview, Landline; On-site Questionnaire",
31116394.00036,Don't know/Refused,6,"On most political matters, do you consider yourself liberal, moderate, or conservative?",,,,Edison Research,"National Election Pool (ABC News, CBS, CNN, NBC)",National Election Pool Poll: 2018 National Election Day Exit Poll,11/6/2018,11/6/2018,Y,Exiting voters and absentee/early voters,19221,"Telephone Interview, Cell Phone; Telephone Interview, Landline; On-site Questionnaire",
31116394.00012,Approve,41,"How do you feel about Robert Mueller's handling of the investigation into Russian interference in the 2016 election?...Approve, disapprove",,Asked of quarter sample,,Edison Research,"National Election Pool (ABC News, CBS, CNN, NBC)",National Election Pool Poll: 2018 National Election Day Exit Poll,11/6/2018,11/6/2018,Y,Exiting voters and absentee/early voters,19221,"Telephone Interview, Cell Phone; Telephone Interview, Landline; On-site Questionnaire",
31116394.00012,Disapprove,46,"How do you feel about Robert Mueller's handling of the investigation into Russian interference in the 2016 election?...Approve, disapprove",,Asked of quarter sample,,Edison Research,"National Election Pool (ABC News, CBS, CNN, NBC)",National Election Pool Poll: 2018 National Election Day Exit Poll,11/6/2018,11/6/2018,Y,Exiting voters and absentee/early voters,19221,"Telephone Interview, Cell Phone; Telephone Interview, Landline; On-site Questionnaire",
31116394.00012,Don't know/Refused,13,"How do you feel about Robert Mueller's handling of the investigation into Russian interference in the 2016 election?...Approve, disapprove",,Asked of quarter sample,,Edison Research,"National Election Pool (ABC News, CBS, CNN, NBC)",National Election Pool Poll: 2018 National Election Day Exit Poll,11/6/2018,11/6/2018,Y,Exiting voters and absentee/early voters,19221,"Telephone Interview, Cell Phone; Telephone Interview, Landline; On-site Questionnaire",
31116394.00020,The Democratic Party,57,"Which party would better protect health care for people with pre-existing conditions?...The Democratic Party, the Republican Party",,Asked of quarter sample,,Edison Research,"National Election Pool (ABC News, CBS, CNN, NBC)",National Election Pool Poll: 2018 National Election Day Exit Poll,11/6/2018,11/6/2018,Y,Exiting voters and absentee/early voters,19221,"Telephone Interview, Cell Phone; Telephone Interview, Landline; On-site Questionnaire",
31116394.00020,The Republican Party,34,"Which party would better protect health care for people with pre-existing conditions?...The Democratic Party, the Republican Party",,Asked of quarter sample,,Edison Research,"National Election Pool (ABC News, CBS, CNN, NBC)",National Election Pool Poll: 2018 National Election Day Exit Poll,11/6/2018,11/6/2018,Y,Exiting voters and absentee/early voters,19221,"Telephone Interview, Cell Phone; Telephone Interview, Landline; On-site Questionnaire",
31116394.00020,Don't know/Refused,9,"Which party would better protect health care for people with pre-existing conditions?...The Democratic Party, the Republican Party",,Asked of quarter sample,,Edison Research,"National Election Pool (ABC News, CBS, CNN, NBC)",National Election Pool Poll: 2018 National Election Day Exit Poll,11/6/2018,11/6/2018,Y,Exiting voters and absentee/early voters,19221,"Telephone Interview, Cell Phone; Telephone Interview, Landline; On-site Questionnaire",
31116394.00001,Yes,16,Is this the first time you have ever voted in a midterm election?,,Asked of quarter sample,,Edison Research,"National Election Pool (ABC News, CBS, CNN, NBC)",National Election Pool Poll: 2018 National Election Day Exit Poll,11/6/2018,11/6/2018,Y,Exiting voters and absentee/early voters,19221,"Telephone Interview, Cell Phone; Telephone Interview, Landline; On-site Questionnaire",
31116394.00001,No,84,Is this the first time you have ever voted in a midterm election?,,Asked of quarter sample,,Edison Research,"National Election Pool (ABC News, CBS, CNN, NBC)",National Election Pool Poll: 2018 National Election Day Exit Poll,11/6/2018,11/6/2018,Y,Exiting voters and absentee/early voters,19221,"Telephone Interview, Cell Phone; Telephone Interview, Landline; On-site Questionnaire",
31116394.00010,Health care,41,"Which one of these four issues is the most important facing the country?...Health care, immigration, the economy, gun policy",,Asked of half sample,,Edison Research,"National Election Pool (ABC News, CBS, CNN, NBC)",National Election Pool Poll: 2018 National Election Day Exit Poll,11/6/2018,11/6/2018,Y,Exiting voters and absentee/early voters,19221,"Telephone Interview, Cell Phone; Telephone Interview, Landline; On-site Questionnaire",
31116394.00010,Immigration,23,"Which one of these four issues is the most important facing the country?...Health care, immigration, the economy, gun policy",,Asked of half sample,,Edison Research,"National Election Pool (ABC News, CBS, CNN, NBC)",National Election Pool Poll: 2018 National Election Day Exit Poll,11/6/2018,11/6/2018,Y,Exiting voters and absentee/early voters,19221,"Telephone Interview, Cell Phone; Telephone Interview, Landline; On-site Questionnaire",
31116394.00010,The economy,22,"Which one of these four issues is the most important facing the country?...Health care, immigration, the economy, gun policy",,Asked of half sample,,Edison Research,"National Election Pool (ABC News, CBS, CNN, NBC)",National Election Pool Poll: 2018 National Election Day Exit Poll,11/6/2018,11/6/2018,Y,Exiting voters and absentee/early voters,19221,"Telephone Interview, Cell Phone; Telephone Interview, Landline; On-site Questionnaire",
31116394.00010,Gun policy,10,"Which one of these four issues is the most important facing the country?...Health care, immigration, the economy, gun policy",,Asked of half sample,,Edison Research,"National Election Pool (ABC News, CBS, CNN, NBC)",National Election Pool Poll: 2018 National Election Day Exit Poll,11/6/2018,11/6/2018,Y,Exiting voters and absentee/early voters,19221,"Telephone Interview, Cell Phone; Telephone Interview, Landline; On-site Questionnaire",
31116394.00010,Don't know/Refused,4,"Which one of these four issues is the most important facing the country?...Health care, immigration, the economy, gun policy",,Asked of half sample,,Edison Research,"National Election Pool (ABC News, CBS, CNN, NBC)",National Election Pool Poll: 2018 National Election Day Exit Poll,11/6/2018,11/6/2018,Y,Exiting voters and absentee/early voters,19221,"Telephone Interview, Cell Phone; Telephone Interview, Landline; On-site Questionnaire",
31116394.00038,Yes,46,Does anyone in your household own a gun?,,Asked of quarter sample,,Edison Research,"National Election Pool (ABC News, CBS, CNN, NBC)",National Election Pool Poll: 2018 National Election Day Exit Poll,11/6/2018,11/6/2018,Y,Exiting voters and absentee/early voters,19221,"Telephone Interview, Cell Phone; Telephone Interview, Landline; On-site Questionnaire",
31116394.00038,No,54,Does anyone in your household own a gun?,,Asked of quarter sample,,Edison Research,"National Election Pool (ABC News, CBS, CNN, NBC)",National Election Pool Poll: 2018 National Election Day Exit Poll,11/6/2018,11/6/2018,Y,Exiting voters and absentee/early voters,19221,"Telephone Interview, Cell Phone; Telephone Interview, Landline; On-site Questionnaire",
31116394.00024,Excellent,17,"Do you think the condition of the nation's economy is excellent, good, not so good, or poor?",,Asked of quarter sample,,Edison Research,"National Election Pool (ABC News, CBS, CNN, NBC)",National Election Pool Poll: 2018 National Election Day Exit Poll,11/6/2018,11/6/2018,Y,Exiting voters and absentee/early voters,19221,"Telephone Interview, Cell Phone; Telephone Interview, Landline; On-site Questionnaire",
31116394.00024,Good,51,"Do you think the condition of the nation's economy is excellent, good, not so good, or poor?",,Asked of quarter sample,,Edison Research,"National Election Pool (ABC News, CBS, CNN, NBC)",National Election Pool Poll: 2018 National Election Day Exit Poll,11/6/2018,11/6/2018,Y,Exiting voters and absentee/early voters,19221,"Telephone Interview, Cell Phone; Telephone Interview, Landline; On-site Questionnaire",
31116394.00024,Not so good,23,"Do you think the condition of the nation's economy is excellent, good, not so good, or poor?",,Asked of quarter sample,,Edison Research,"National Election Pool (ABC News, CBS, CNN, NBC)",National Election Pool Poll: 2018 National Election Day Exit Poll,11/6/2018,11/6/2018,Y,Exiting voters and absentee/early voters,19221,"Telephone Interview, Cell Phone; Telephone Interview, Landline; On-site Questionnaire",
31116394.00024,Poor,7,"Do you think the condition of the nation's economy is excellent, good, not so good, or poor?",,Asked of quarter sample,,Edison Research,"National Election Pool (ABC News, CBS, CNN, NBC)",National Election Pool Poll: 2018 National Election Day Exit Poll,11/6/2018,11/6/2018,Y,Exiting voters and absentee/early voters,19221,"Telephone Interview, Cell Phone; Telephone Interview, Landline; On-site Questionnaire",
31116394.00024,Don't know/Refused,2,"Do you think the condition of the nation's economy is excellent, good, not so good, or poor?",,Asked of quarter sample,,Edison Research,"National Election Pool (ABC News, CBS, CNN, NBC)",National Election Pool Poll: 2018 National Election Day Exit Poll,11/6/2018,11/6/2018,Y,Exiting voters and absentee/early voters,19221,"Telephone Interview, Cell Phone; Telephone Interview, Landline; On-site Questionnaire",
31116394.00000,Strongly approve,31,"How do you feel about the way Donald Trump is handling his job as president?...Strongly approve, somewhat approve, somewhat disapprove, strongly disapprove",,Asked of half sample,,Edison Research,"National Election Pool (ABC News, CBS, CNN, NBC)",National Election Pool Poll: 2018 National Election Day Exit Poll,11/6/2018,11/6/2018,Y,Exiting voters and absentee/early voters,19221,"Telephone Interview, Cell Phone; Telephone Interview, Landline; On-site Questionnaire",
31116394.00000,Somewhat approve,14,"How do you feel about the way Donald Trump is handling his job as president?...Strongly approve, somewhat approve, somewhat disapprove, strongly disapprove",,Asked of half sample,,Edison Research,"National Election Pool (ABC News, CBS, CNN, NBC)",National Election Pool Poll: 2018 National Election Day Exit Poll,11/6/2018,11/6/2018,Y,Exiting voters and absentee/early voters,19221,"Telephone Interview, Cell Phone; Telephone Interview, Landline; On-site Questionnaire",
31116394.00000,Somewhat disapprove,8,"How do you feel about the way Donald Trump is handling his job as president?...Strongly approve, somewhat approve, somewhat disapprove, strongly disapprove",,Asked of half sample,,Edison Research,"National Election Pool (ABC News, CBS, CNN, NBC)",National Election Pool Poll: 2018 National Election Day Exit Poll,11/6/2018,11/6/2018,Y,Exiting voters and absentee/early voters,19221,"Telephone Interview, Cell Phone; Telephone Interview, Landline; On-site Questionnaire",
31116394.00000,Strongly disapprove,46,"How do you feel about the way Donald Trump is handling his job as president?...Strongly approve, somewhat approve, somewhat disapprove, strongly disapprove",,Asked of half sample,,Edison Research,"National Election Pool (ABC News, CBS, CNN, NBC)",National Election Pool Poll: 2018 National Election Day Exit Poll,11/6/2018,11/6/2018,Y,Exiting voters and absentee/early voters,19221,"Telephone Interview, Cell Phone; Telephone Interview, Landline; On-site Questionnaire",
31116394.00000,Don't know/Refused,2,"How do you feel about the way Donald Trump is handling his job as president?...Strongly approve, somewhat approve, somewhat disapprove, strongly disapprove",,Asked of half sample,,Edison Research,"National Election Pool (ABC News, CBS, CNN, NBC)",National Election Pool Poll: 2018 National Election Day Exit Poll,11/6/2018,11/6/2018,Y,Exiting voters and absentee/early voters,19221,"Telephone Interview, Cell Phone; Telephone Interview, Landline; On-site Questionnaire",
31116394.00011,Favorable,31,"Is your opinion of Nancy Pelosi favorable, or unfavorable?",,Asked of quarter sample,,Edison Research,"National Election Pool (ABC News, CBS, CNN, NBC)",National Election Pool Poll: 2018 National Election Day Exit Poll,11/6/2018,11/6/2018,Y,Exiting voters and absentee/early voters,19221,"Telephone Interview, Cell Phone; Telephone Interview, Landline; On-site Questionnaire",
31116394.00011,Unfavorable,56,"Is your opinion of Nancy Pelosi favorable, or unfavorable?",,Asked of quarter sample,,Edison Research,"National Election Pool (ABC News, CBS, CNN, NBC)",National Election Pool Poll: 2018 National Election Day Exit Poll,11/6/2018,11/6/2018,Y,Exiting voters and absentee/early voters,19221,"Telephone Interview, Cell Phone; Telephone Interview, Landline; On-site Questionnaire",
31116394.00011,Don't know/Refused,14,"Is your opinion of Nancy Pelosi favorable, or unfavorable?",,Asked of quarter sample,,Edison Research,"National Election Pool (ABC News, CBS, CNN, NBC)",National Election Pool Poll: 2018 National Election Day Exit Poll,11/6/2018,11/6/2018,Y,Exiting voters and absentee/early voters,19221,"Telephone Interview, Cell Phone; Telephone Interview, Landline; On-site Questionnaire",
31116394.00021,Support,58,Do you support or oppose stricter gun control measures?,,Asked of quarter sample,,Edison Research,"National Election Pool (ABC News, CBS, CNN, NBC)",National Election Pool Poll: 2018 National Election Day Exit Poll,11/6/2018,11/6/2018,Y,Exiting voters and absentee/early voters,19221,"Telephone Interview, Cell Phone; Telephone Interview, Landline; On-site Questionnaire",
31116394.00021,Oppose,37,Do you support or oppose stricter gun control measures?,,Asked of quarter sample,,Edison Research,"National Election Pool (ABC News, CBS, CNN, NBC)",National Election Pool Poll: 2018 National Election Day Exit Poll,11/6/2018,11/6/2018,Y,Exiting voters and absentee/early voters,19221,"Telephone Interview, Cell Phone; Telephone Interview, Landline; On-site Questionnaire",
31116394.00021,Don't know/Refused,5,Do you support or oppose stricter gun control measures?,,Asked of quarter sample,,Edison Research,"National Election Pool (ABC News, CBS, CNN, NBC)",National Election Pool Poll: 2018 National Election Day Exit Poll,11/6/2018,11/6/2018,Y,Exiting voters and absentee/early voters,19221,"Telephone Interview, Cell Phone; Telephone Interview, Landline; On-site Questionnaire",
31116394.00023,To express support for Donald Trump,26,"Was one reason for your vote for United States House today to express support for Donald Trump, to express opposition to Donald Trump, or Donald Trump was not a factor?",,Asked of quarter sample,,Edison Research,"National Election Pool (ABC News, CBS, CNN, NBC)",National Election Pool Poll: 2018 National Election Day Exit Poll,11/6/2018,11/6/2018,Y,Exiting voters and absentee/early voters,19221,"Telephone Interview, Cell Phone; Telephone Interview, Landline; On-site Questionnaire",
31116394.00023,To express opposition to Donald Trump,37,"Was one reason for your vote for United States House today to express support for Donald Trump, to express opposition to Donald Trump, or Donald Trump was not a factor?",,Asked of quarter sample,,Edison Research,"National Election Pool (ABC News, CBS, CNN, NBC)",National Election Pool Poll: 2018 National Election Day Exit Poll,11/6/2018,11/6/2018,Y,Exiting voters and absentee/early voters,19221,"Telephone Interview, Cell Phone; Telephone Interview, Landline; On-site Questionnaire",
31116394.00023,Donald Trump was not a factor,34,"Was one reason for your vote for United States House today to express support for Donald Trump, to express opposition to Donald Trump, or Donald Trump was not a factor?",,Asked of quarter sample,,Edison Research,"National Election Pool (ABC News, CBS, CNN, NBC)",National Election Pool Poll: 2018 National Election Day Exit Poll,11/6/2018,11/6/2018,Y,Exiting voters and absentee/early voters,19221,"Telephone Interview, Cell Phone; Telephone Interview, Landline; On-site Questionnaire",
31116394.00023,Don't know/Refused,3,"Was one reason for your vote for United States House today to express support for Donald Trump, to express opposition to Donald Trump, or Donald Trump was not a factor?",,Asked of quarter sample,,Edison Research,"National Election Pool (ABC News, CBS, CNN, NBC)",National Election Pool Poll: 2018 National Election Day Exit Poll,11/6/2018,11/6/2018,Y,Exiting voters and absentee/early voters,19221,"Telephone Interview, Cell Phone; Telephone Interview, Landline; On-site Questionnaire",
31116394.00034,Yes,14,Have you ever served in the United States military?,,Asked of quarter sample,,Edison Research,"National Election Pool (ABC News, CBS, CNN, NBC)",National Election Pool Poll: 2018 National Election Day Exit Poll,11/6/2018,11/6/2018,Y,Exiting voters and absentee/early voters,19221,"Telephone Interview, Cell Phone; Telephone Interview, Landline; On-site Questionnaire",
31116394.00034,No,86,Have you ever served in the United States military?,,Asked of quarter sample,,Edison Research,"National Election Pool (ABC News, CBS, CNN, NBC)",National Election Pool Poll: 2018 National Election Day Exit Poll,11/6/2018,11/6/2018,Y,Exiting voters and absentee/early voters,19221,"Telephone Interview, Cell Phone; Telephone Interview, Landline; On-site Questionnaire",
31116394.00035,Democrat,36,"No matter how you vote, do you usually think of yourself as a Democrat, Republican, or Independent/something esle?",,,,Edison Research,"National Election Pool (ABC News, CBS, CNN, NBC)",National Election Pool Poll: 2018 National Election Day Exit Poll,11/6/2018,11/6/2018,Y,Exiting voters and absentee/early voters,19221,"Telephone Interview, Cell Phone; Telephone Interview, Landline; On-site Questionnaire",
31116394.00035,Republican,32,"No matter how you vote, do you usually think of yourself as a Democrat, Republican, or Independent/something esle?",,,,Edison Research,"National Election Pool (ABC News, CBS, CNN, NBC)",National Election Pool Poll: 2018 National Election Day Exit Poll,11/6/2018,11/6/2018,Y,Exiting voters and absentee/early voters,19221,"Telephone Interview, Cell Phone; Telephone Interview, Landline; On-site Questionnaire",
31116394.00035,Independent/Something else,29,"No matter how you vote, do you usually think of yourself as a Democrat, Republican, or Independent/something esle?",,,,Edison Research,"National Election Pool (ABC News, CBS, CNN, NBC)",National Election Pool Poll: 2018 National Election Day Exit Poll,11/6/2018,11/6/2018,Y,Exiting voters and absentee/early voters,19221,"Telephone Interview, Cell Phone; Telephone Interview, Landline; On-site Questionnaire",
31116394.00035,Don't know/Refused,4,"No matter how you vote, do you usually think of yourself as a Democrat, Republican, or Independent/something esle?",,,,Edison Research,"National Election Pool (ABC News, CBS, CNN, NBC)",National Election Pool Poll: 2018 National Election Day Exit Poll,11/6/2018,11/6/2018,Y,Exiting voters and absentee/early voters,19221,"Telephone Interview, Cell Phone; Telephone Interview, Landline; On-site Questionnaire",
31116394.00037,Yes,6,"Are you gay, lesbian, bisexual or transgender?",,Asked of quarter sample,,Edison Research,"National Election Pool (ABC News, CBS, CNN, NBC)",National Election Pool Poll: 2018 National Election Day Exit Poll,11/6/2018,11/6/2018,Y,Exiting voters and absentee/early voters,19221,"Telephone Interview, Cell Phone; Telephone Interview, Landline; On-site Questionnaire",
31116394.00037,No,94,"Are you gay, lesbian, bisexual or transgender?",,Asked of quarter sample,,Edison Research,"National Election Pool (ABC News, CBS, CNN, NBC)",National Election Pool Poll: 2018 National Election Day Exit Poll,11/6/2018,11/6/2018,Y,Exiting voters and absentee/early voters,19221,"Telephone Interview, Cell Phone; Telephone Interview, Landline; On-site Questionnaire",
31116394.00022,Very serious,46,"How serious a problem is sexual harassment in this country today?...Very serious, somewhat serious, not too serious, not at all serious",,Asked of quarter sample,,Edison Research,"National Election Pool (ABC News, CBS, CNN, NBC)",National Election Pool Poll: 2018 National Election Day Exit Poll,11/6/2018,11/6/2018,Y,Exiting voters and absentee/early voters,19221,"Telephone Interview, Cell Phone; Telephone Interview, Landline; On-site Questionnaire",
31116394.00022,Somewhat serious,38,"How serious a problem is sexual harassment in this country today?...Very serious, somewhat serious, not too serious, not at all serious",,Asked of quarter sample,,Edison Research,"National Election Pool (ABC News, CBS, CNN, NBC)",National Election Pool Poll: 2018 National Election Day Exit Poll,11/6/2018,11/6/2018,Y,Exiting voters and absentee/early voters,19221,"Telephone Interview, Cell Phone; Telephone Interview, Landline; On-site Questionnaire",
31116394.00022,Not too serious,11,"How serious a problem is sexual harassment in this country today?...Very serious, somewhat serious, not too serious, not at all serious",,Asked of quarter sample,,Edison Research,"National Election Pool (ABC News, CBS, CNN, NBC)",National Election Pool Poll: 2018 National Election Day Exit Poll,11/6/2018,11/6/2018,Y,Exiting voters and absentee/early voters,19221,"Telephone Interview, Cell Phone; Telephone Interview, Landline; On-site Questionnaire",
31116394.00022,Not at all serious,3,"How serious a problem is sexual harassment in this country today?...Very serious, somewhat serious, not too serious, not at all serious",,Asked of quarter sample,,Edison Research,"National Election Pool (ABC News, CBS, CNN, NBC)",National Election Pool Poll: 2018 National Election Day Exit Poll,11/6/2018,11/6/2018,Y,Exiting voters and absentee/early voters,19221,"Telephone Interview, Cell Phone; Telephone Interview, Landline; On-site Questionnaire",
31116394.00022,Don't know/Refused,3,"How serious a problem is sexual harassment in this country today?...Very serious, somewhat serious, not too serious, not at all serious",,Asked of quarter sample,,Edison Research,"National Election Pool (ABC News, CBS, CNN, NBC)",National Election Pool Poll: 2018 National Election Day Exit Poll,11/6/2018,11/6/2018,Y,Exiting voters and absentee/early voters,19221,"Telephone Interview, Cell Phone; Telephone Interview, Landline; On-site Questionnaire",
